,,,
1,1,Shelf 01,photos/foyer/shelves/DSC_0078.JPG
2,1,Shelf 02,photos/foyer/shelves/DSC_0083.JPG
3,1,Shelf 03,
4,1,Shelf 04,
5,1,Shelf 05,
6,1,Shelf 06,
7,1,Shelf 07,
8,1,Shelf 08,
9,1,Shelf 09,
10,1,Shelf 10,
11,1,Shelf 11,
12,1,Shelf 12,
13,1,Shelf 13,
14,1,Shelf 14,
15,1,Shelf 15,
16,1,Shelf 16,
17,1,Shelf 17,
18,1,Shelf 18,
19,1,Shelf 19,
20,1,Shelf 20,
21,1,Shelf 21,
22,1,Shelf 22,
23,1,Shelf 23,
24,1,Shelf 24,
25,1,Shelf 25,
26,1,Shelf 26,
27,1,Shelf 27,
28,1,Shelf 28,
29,1,Shelf 29,
30,1,Shelf 30,